config,exp,rep,name,pid,arrive,first,end,cpu,wait,sleep,response,turnaround,maxwait,dispatch,expire,preempt,nsleep,demote,promote,prio,q0,q1,q2
aging0,aging,1,stream,6,385,38396,261921,100485,161050,0,38011,261536,123039,2,1,0,0,1,0,1,40741,59744,0
aging0,aging,1,stream,7,657,79281,364494,100320,263515,0,78624,363837,184891,2,1,0,0,1,0,1,40902,59418,0
aging0,aging,1,stream,8,263247,263376,468378,100396,104734,0,129,205131,104605,2,1,0,0,1,0,1,41610,58785,0
aging0,aging,1,stream,9,365581,365695,568604,100280,102742,0,114,203023,102628,2,1,0,0,1,0,1,43826,56453,0
aging0,aging,1,stream,10,469475,469552,672247,100442,102330,0,77,202772,102252,2,1,0,0,1,0,1,42526,57915,0
aging0,aging,1,stream,11,569771,569872,772597,100267,102558,0,101,202826,102457,2,1,0,0,1,0,1,44390,55877,0
aging0,aging,1,stream,12,674512,674660,877191,100389,102289,0,148,202679,102141,2,1,0,0,1,0,1,41992,58397,0
aging0,aging,1,stream,13,773726,773805,976031,100290,102014,0,79,202305,101936,2,1,0,0,1,0,1,44922,55368,0
aging0,aging,1,stream,14,878436,878513,1070934,100440,92058,0,77,192498,91980,2,1,0,0,1,0,1,42079,58360,0
aging0,aging,1,stream,15,977146,977221,1180015,100274,102593,0,75,202869,102518,2,1,0,0,1,0,1,35285,64989,0
aging0,aging,1,stream,16,1073317,1073475,1276062,100441,102303,0,158,202745,102145,2,1,0,0,1,0,1,41440,59001,0
aging0,aging,1,stream,17,1181131,1181208,1383648,100272,102244,0,77,202517,102168,2,1,0,0,1,0,1,35807,64465,0
aging0,aging,1,stream,18,1277140,1277214,1479679,100270,102268,0,74,202539,102194,2,1,0,0,1,0,1,41900,58370,0
aging0,aging,1,stream,19,1384721,1384797,1587079,100274,102083,0,76,202358,102007,2,1,0,0,1,0,1,36442,63832,0
aging0,aging,1,stream,20,1480745,1480840,1683065,100267,102052,0,95,202320,101957,2,1,0,0,1,0,1,42335,57932,0
aging0,aging,1,stream,21,1588151,1588226,1790673,100272,102250,0,75,202522,102174,2,1,0,0,1,0,1,36839,63432,0
aging0,aging,1,stream,22,1684594,1684675,1887134,100259,102281,0,81,202540,102199,2,1,0,0,1,0,1,42476,57783,0
aging0,aging,1,stream,23,1791745,1791841,1994104,100258,102100,0,96,202359,102004,2,1,0,0,1,0,1,37440,62817,0
aging0,aging,1,stream,24,1888212,1888287,2090620,100283,102124,0,75,202408,102049,2,1,0,0,1,0,1,42929,57353,0
aging0,aging,1,stream,25,1995185,1995260,2153860,100294,58380,0,75,158675,58305,2,1,0,0,1,0,1,37938,62355,0
aging0,aging,1,long,5,0,804,2335927,300530,2035397,0,804,2335927,1952555,4,3,0,0,2,0,2,37407,81988,181134
aging0,aging,2,stream,28,281,39907,262489,100298,161909,0,39626,262208,122284,2,1,0,0,1,0,1,40705,59592,0
aging0,aging,2,stream,29,597,80712,365468,100298,264573,0,80115,364871,184457,2,1,0,0,1,0,1,40631,59666,0
aging0,aging,2,stream,30,263705,263794,466120,100247,102167,0,89,202415,102079,2,1,0,0,1,0,1,41940,58307,0
aging0,aging,2,stream,31,366565,366640,568950,100304,102081,0,75,202385,102005,2,1,0,0,1,0,1,41104,59199,0
aging0,aging,2,stream,32,467359,467433,669394,100259,101775,0,74,202035,101700,2,1,0,0,1,0,1,42172,58087,0
aging0,aging,2,stream,33,570172,570249,772321,100275,101872,0,77,202149,101795,2,1,0,0,1,0,1,41020,59255,0
aging0,aging,2,stream,34,670455,670530,872741,100330,101954,0,75,202286,101879,2,1,0,0,1,0,1,42464,57866,0
aging0,aging,2,stream,35,773436,773513,975755,100270,102047,0,77,202319,101971,2,1,0,0,1,0,1,41297,58973,0
aging0,aging,2,stream,36,873816,873893,1076178,100276,102085,0,77,202362,102007,2,1,0,0,1,0,1,42844,57432,0
aging0,aging,2,stream,37,976864,976943,1178980,100267,101847,0,79,202116,101769,2,1,0,0,1,0,1,41734,58533,0
aging0,aging,2,stream,38,1077347,1077425,1279653,100270,102034,0,78,202306,101956,2,1,0,0,1,0,1,42971,57299,0
aging0,aging,2,stream,39,1180056,1180132,1382354,100272,102025,0,76,202298,101949,2,1,0,0,1,0,1,42155,58117,0
aging0,aging,2,stream,40,1280795,1280873,1483300,100252,102253,0,78,202505,102175,2,1,0,0,1,0,1,43295,56957,0
aging0,aging,2,stream,41,1383502,1383579,1586031,100595,101932,0,77,202529,101856,2,1,0,0,1,0,1,42693,57901,0
aging0,aging,2,stream,42,1484383,1484458,1686554,100307,101864,0,75,202171,101789,2,1,0,0,1,0,1,43602,56704,0
aging0,aging,2,stream,43,1587230,1587311,1789597,100274,102093,0,81,202367,102012,2,1,0,0,1,0,1,42473,57801,0
aging0,aging,2,stream,44,1687939,1688023,1890325,100364,102021,0,84,202386,101937,2,1,0,0,1,0,1,43701,56662,0
aging0,aging,2,stream,45,1790712,1790790,1993308,100260,102335,0,78,202596,102256,2,1,0,0,1,0,1,42786,57474,0
aging0,aging,2,stream,46,1891420,1891499,2093789,100308,102061,0,79,202369,101981,2,1,0,0,1,0,1,44263,56045,0
aging0,aging,2,stream,47,1994416,1994501,2151761,100290,57054,0,85,157345,56969,2,1,0,0,1,0,1,43174,57115,0
aging0,aging,2,long,27,0,738,2332715,300298,2032416,0,738,2332715,1949862,4,3,0,0,2,0,2,39092,81422,179784
aging0,aging,3,stream,50,292,40268,263708,100338,163077,0,39976,263416,123101,2,1,0,0,1,0,1,40778,59560,0
aging0,aging,3,stream,51,580,81125,366121,100335,265205,0,80545,365541,184660,2,1,0,0,1,0,1,40838,59496,0
aging0,aging,3,stream,52,264908,264990,467394,100268,102217,0,82,202486,102135,2,1,0,0,1,0,1,41563,58705,0
aging0,aging,3,stream,53,367289,367393,570128,100449,102389,0,104,202839,102285,2,1,0,0,1,0,1,41217,59232,0
aging0,aging,3,stream,54,468641,468726,671401,100434,102326,0,85,202760,102240,2,1,0,0,1,0,1,42098,58336,0
aging0,aging,3,stream,55,571300,571403,775212,100894,103017,0,103,203912,102914,2,1,0,0,1,0,1,41594,59299,0
aging0,aging,3,stream,56,673598,673752,878368,100378,104390,0,154,204770,104236,2,1,0,0,1,0,1,42042,58336,0
aging0,aging,3,stream,57,778781,780084,982653,100367,103504,0,1303,203872,102201,2,1,0,0,1,0,1,39817,60550,0
aging0,aging,3,stream,58,879456,879534,1082235,100286,102492,0,78,202779,102414,2,1,0,0,1,0,1,42500,57786,0
aging0,aging,3,stream,59,983893,983969,1186263,100264,102105,0,76,202370,102029,2,1,0,0,1,0,1,40409,59855,0
aging0,aging,3,stream,60,1083505,1083582,1285813,100263,102045,0,77,202308,101967,2,1,0,0,1,0,1,42735,57527,0
aging0,aging,3,stream,61,1187364,1187601,1389978,100274,102340,0,237,202614,102102,2,1,0,0,1,0,1,40617,59657,0
aging0,aging,3,stream,62,1286902,1286979,1489693,100513,102277,0,77,202791,102200,2,1,0,0,1,0,1,43273,57239,0
aging0,aging,3,stream,63,1391157,1391235,1594046,100326,102561,0,78,202889,102484,2,1,0,0,1,0,1,41148,59178,0
aging0,aging,3,stream,64,1492421,1492540,1695049,100286,102341,0,119,202628,102222,2,1,0,0,1,0,1,42252,58033,0
aging0,aging,3,stream,65,1595118,1595193,1797800,100450,102232,0,75,202682,102156,2,1,0,0,1,0,1,41752,58697,0
aging0,aging,3,stream,66,1696289,1696385,1898900,100278,102332,0,96,202611,102237,2,1,0,0,1,0,1,42645,57632,0
aging0,aging,3,stream,67,1799850,1799930,2003800,100285,103664,0,80,203950,103585,2,1,0,0,1,0,1,41237,59048,0
aging0,aging,3,stream,68,1899989,1900064,2102733,100336,102407,0,75,202744,102332,2,1,0,0,1,0,1,44618,55718,0
aging0,aging,3,stream,69,2004879,2004954,2162161,100266,57015,0,75,157282,56940,2,1,0,0,1,0,1,41948,58318,0
aging0,aging,3,long,49,0,708,2341826,300254,2041571,0,708,2341826,1958972,4,3,0,0,2,0,2,39480,82066,178707
aging0,aging,4,stream,72,413,40063,263995,100323,163258,0,39650,263582,123608,2,1,0,0,1,0,1,40841,59482,0
aging0,aging,4,stream,73,833,80982,366177,100313,265030,0,80149,365344,184881,2,1,0,0,1,0,1,40835,59478,0
aging0,aging,4,stream,74,265485,265625,468105,100403,102216,0,140,202620,102076,2,1,0,0,1,0,1,40999,59404,0
aging0,aging,4,stream,75,367254,367330,569826,100301,102271,0,76,202572,102195,2,1,0,0,1,0,1,41303,58997,0
aging0,aging,4,stream,76,469219,469295,671645,100305,102120,0,76,202426,102044,2,1,0,0,1,0,1,41463,58842,0
aging0,aging,4,stream,77,571116,571191,773496,100277,102103,0,75,202380,102027,2,1,0,0,1,0,1,41564,58713,0
aging0,aging,4,stream,78,672783,672859,875227,100270,102174,0,76,202444,102097,2,1,0,0,1,0,1,41852,58418,0
aging0,aging,4,stream,79,774551,774628,977147,100245,102351,0,77,202596,102274,2,1,0,0,1,0,1,42114,58131,0
aging0,aging,4,stream,80,876666,876748,1079508,100315,102526,0,82,202842,102444,2,1,0,0,1,0,1,42200,58114,0
aging0,aging,4,stream,81,978492,978569,1180985,100279,102213,0,77,202493,102135,2,1,0,0,1,0,1,42782,57497,0
aging0,aging,4,stream,82,1080626,1080703,1283140,100250,102263,0,77,202514,102186,2,1,0,0,1,0,1,42711,57538,0
aging0,aging,4,stream,83,1182063,1182139,1384485,100280,102142,0,76,202422,102065,2,1,0,0,1,0,1,43394,56885,0
aging0,aging,4,stream,84,1284221,1284352,1486624,100243,102159,0,131,202403,102028,2,1,0,0,1,0,1,43179,57064,0
aging0,aging,4,stream,85,1385703,1385782,1588098,100226,102168,0,79,202395,102089,2,1,0,0,1,0,1,43713,56513,0
aging0,aging,4,stream,86,1487712,1487789,1689879,100250,101915,0,77,202167,101839,2,1,0,0,1,0,1,43726,56524,0
aging0,aging,4,stream,87,1589193,1589273,1791751,100275,102282,0,80,202558,102202,2,1,0,0,1,0,1,43991,56283,0
aging0,aging,4,stream,88,1690952,1691029,1893706,100233,102520,0,77,202754,102444,2,1,0,0,1,0,1,44362,55871,0
aging0,aging,4,stream,89,1793094,1793170,1985666,100229,92343,0,76,192572,92266,2,1,0,0,1,0,1,44591,55637,0
aging0,aging,4,stream,90,1894788,1894864,2087350,100284,92277,0,76,192562,92202,2,1,0,0,1,0,1,35096,65188,0
aging0,aging,4,stream,91,1986745,1986820,2153199,100260,66193,0,75,166454,66117,2,1,0,0,1,0,1,35271,64989,0
aging0,aging,4,long,71,0,947,2332862,300233,2032628,0,947,2332862,1949645,4,3,0,0,2,0,2,38997,82554,178681
aging0,aging,5,stream,94,536,39351,262323,100276,161510,0,38815,261787,122695,2,1,0,0,1,0,1,40754,59522,0
aging0,aging,5,stream,95,1023,80244,364099,100339,262736,0,79221,363076,183515,2,1,0,0,1,0,1,40801,59537,0
aging0,aging,5,stream,96,263496,263579,465652,100272,101883,0,83,202156,101800,2,1,0,0,1,0,1,40947,59324,0
aging0,aging,5,stream,97,365189,365267,567447,100382,101875,0,78,202258,101797,2,1,0,0,1,0,1,40995,59387,0
aging0,aging,5,stream,98,466753,466829,669143,100288,102102,0,76,202390,102025,2,1,0,0,1,0,1,41160,59128,0
aging0,aging,5,stream,99,569836,570008,772382,100341,102204,0,172,202546,102032,2,1,0,0,1,0,1,39936,60404,0
aging0,aging,5,stream,100,670221,670297,872859,100280,102358,0,76,202638,102281,2,1,0,0,1,0,1,41610,58670,0
aging0,aging,5,stream,101,773606,773681,975987,100340,102040,0,75,202381,101965,2,1,0,0,1,0,1,40436,59903,0
aging0,aging,5,stream,102,873963,874041,1076543,100265,102314,0,78,202580,102236,2,1,0,0,1,0,1,41974,58291,0
aging0,aging,5,stream,103,977106,977185,1179560,100420,102033,0,79,202454,101955,2,1,0,0,1,0,1,40996,59423,0
aging0,aging,5,stream,104,1077636,1077721,1280259,100284,102338,0,85,202623,102254,2,1,0,0,1,0,1,42349,57935,0
aging0,aging,5,stream,105,1182044,1182209,1384503,100337,102121,0,165,202459,101957,2,1,0,0,1,0,1,40045,60291,0
aging0,aging,5,stream,106,1281349,1281426,1483997,100308,102340,0,77,202648,102262,2,1,0,0,1,0,1,42719,57589,0
aging0,aging,5,stream,107,1385746,1385828,1588272,100303,102222,0,82,202526,102140,2,1,0,0,1,0,1,40496,59807,0
aging0,aging,5,stream,108,1485075,1485153,1687611,100273,102261,0,78,202536,102184,2,1,0,0,1,0,1,43246,57026,0
aging0,aging,5,stream,109,1589370,1589445,1791711,100273,102067,0,75,202341,101992,2,1,0,0,1,0,1,41073,59200,0
aging0,aging,5,stream,110,1688728,1688808,1891158,100295,102134,0,80,202430,102054,2,1,0,0,1,0,1,43636,56658,0
aging0,aging,5,stream,111,1792831,1792927,1995402,100271,102299,0,96,202571,102203,2,1,0,0,1,0,1,41506,58765,0
aging0,aging,5,stream,112,1892256,1892332,2094450,100274,101920,0,76,202194,101843,2,1,0,0,1,0,1,44238,56035,0
aging0,aging,5,stream,113,1996507,1996584,2154018,100269,57241,0,77,157511,57164,2,1,0,0,1,0,1,41760,58509,0
aging0,aging,5,long,93,0,1225,2335634,300279,2035354,0,1225,2335634,1952166,4,3,0,0,2,0,2,37976,81644,180658
aging100,aging,1,stream,6,352,39061,263080,100401,162326,0,38709,262728,123616,2,1,0,0,1,0,1,41053,59348,0
aging100,aging,1,stream,7,633,80287,365420,100518,264268,0,79654,364787,184614,2,1,0,0,1,0,1,41115,59402,0
aging100,aging,1,stream,8,264431,264522,466991,100231,102328,0,91,202560,102237,2,1,0,0,1,0,1,41404,58827,0
aging100,aging,1,stream,9,366579,366658,569110,100286,102244,0,79,202531,102165,2,1,0,0,1,0,1,41453,58832,0
aging100,aging,1,stream,10,468073,468149,670465,100285,102107,0,76,202392,102030,2,1,0,0,1,0,1,42032,58253,0
aging100,aging,1,stream,11,570246,570325,772861,100254,102360,0,79,202615,102281,2,1,0,0,1,0,1,41842,58412,0
aging100,aging,1,stream,12,671643,671720,874269,100446,102179,0,77,202626,102102,2,1,0,0,1,0,1,42658,57788,0
aging100,aging,1,stream,13,773991,774068,977382,100274,103116,0,77,203391,103039,2,1,0,0,1,0,1,42344,57930,0
aging100,aging,1,stream,14,876488,876641,1079380,100357,102535,0,153,202892,102382,2,1,0,0,1,0,1,42679,57677,0
aging100,aging,1,stream,15,980135,980250,1182930,100376,102419,0,115,202795,102304,2,1,0,0,1,0,1,41387,58989,0
aging100,aging,1,stream,16,1080545,1080625,1283713,100372,102795,0,80,203168,102716,2,1,0,0,1,0,1,43193,57178,0
aging100,aging,1,stream,17,1185522,1185687,1470567,100355,184689,0,165,285045,184524,2,1,0,0,1,0,1,40759,59595,0
aging100,aging,1,stream,18,1285979,1286143,1570917,100385,184552,0,164,284938,184388,2,1,0,0,1,0,1,42756,57629,0
aging100,aging,1,stream,19,1471645,1471723,1674281,100298,102337,0,78,202636,102259,2,1,0,0,1,0,1,41533,58765,0
aging100,aging,1,stream,20,1572001,1572078,1774860,100278,102580,0,77,202859,102503,2,1,0,0,1,0,1,43371,56907,0
aging100,aging,1,stream,21,1675374,1675453,1877978,100284,102319,0,79,202604,102240,2,1,0,0,1,0,1,42424,57860,0
aging100,aging,1,stream,22,1775999,1776081,1978335,100302,102033,0,82,202336,101951,2,1,0,0,1,0,1,43968,56334,0
aging100,aging,1,stream,23,1879054,1879130,2081884,100280,102548,0,76,202830,102472,2,1,0,0,1,0,1,42795,57485,0
aging100,aging,1,stream,24,1979441,1979524,2138342,100308,58592,0,83,158901,58509,2,1,0,0,1,0,1,44804,55504,0
aging100,aging,1,long,5,0,789,2237391,300384,1937006,0,789,2237391,1125359,4,3,0,0,3,1,2,38076,164145,98163
aging100,aging,2,stream,27,269,39806,262790,100390,162130,0,39537,262521,122593,2,1,0,0,1,0,1,40973,59417,0
aging100,aging,2,stream,28,519,80862,365112,100299,264293,0,80343,364593,183950,2,1,0,0,1,0,1,40874,59424,0
aging100,aging,2,stream,29,264238,264326,466733,100265,102229,0,88,202495,102141,2,1,0,0,1,0,1,41294,58971,0
aging100,aging,2,stream,30,366222,366301,569090,100256,102610,0,79,202868,102532,2,1,0,0,1,0,1,41416,58840,0
aging100,aging,2,stream,31,467825,467907,670698,100274,102598,0,82,202873,102516,2,1,0,0,1,0,1,42273,58001,0
aging100,aging,2,stream,32,570213,570291,773025,100266,102544,0,78,202812,102467,2,1,0,0,1,0,1,42330,57936,0
aging100,aging,2,stream,33,671777,671856,874199,100277,102144,0,79,202422,102065,2,1,0,0,1,0,1,43154,57123,0
aging100,aging,2,stream,34,774159,774239,976745,100289,102295,0,80,202586,102215,2,1,0,0,1,0,1,42746,57543,0
aging100,aging,2,stream,35,875273,875349,1077748,100272,102202,0,76,202475,102125,2,1,0,0,1,0,1,43776,56496,0
aging100,aging,2,stream,36,977818,977930,1180419,100260,102340,0,112,202601,102228,2,1,0,0,1,0,1,43251,57009,0
aging100,aging,2,stream,37,1078877,1078955,1281609,100270,102460,0,78,202732,102383,2,1,0,0,1,0,1,44383,55887,0
aging100,aging,2,stream,38,1181493,1181570,1465694,100293,183907,0,77,284201,183830,2,1,0,0,1,0,1,44077,56216,0
aging100,aging,2,stream,39,1282813,1282896,1567208,100280,184113,0,83,284395,184030,2,1,0,0,1,0,1,44752,55528,0
aging100,aging,2,stream,40,1466794,1466874,1659357,100281,92281,0,80,192563,92202,2,1,0,0,1,0,1,44729,55552,0
aging100,aging,2,stream,41,1568288,1568370,1760860,100280,92291,0,82,192572,92209,2,1,0,0,1,0,1,35362,64917,0
aging100,aging,2,stream,42,1660433,1660510,1863293,100295,102564,0,77,202860,102487,2,1,0,0,1,0,1,35361,64934,0
aging100,aging,2,stream,43,1762011,1762094,1964497,100281,102204,0,83,202486,102120,2,1,0,0,1,0,1,36194,64087,0
aging100,aging,2,stream,44,1864373,1864451,2066812,100253,102186,0,78,202439,102107,2,1,0,0,1,0,1,35884,64369,0
aging100,aging,2,stream,45,1965545,1965647,2131251,100275,65430,0,102,165706,65328,2,1,0,0,1,0,1,36733,63542,0
aging100,aging,2,long,26,0,656,2230205,300237,1929967,0,656,2230205,1124429,4,3,0,0,3,1,2,39069,163105,98062
aging100,aging,3,stream,48,295,39874,263262,100537,162429,0,39579,262967,122850,2,1,0,0,1,0,1,40860,59677,0
aging100,aging,3,stream,49,602,80823,365252,100299,264351,0,80221,364650,184130,2,1,0,0,1,0,1,40958,59341,0
aging100,aging,3,stream,50,264856,264953,467270,100259,102154,0,97,202414,102057,2,1,0,0,1,0,1,40881,59378,0
aging100,aging,3,stream,51,366386,366467,569371,100274,102710,0,81,202985,102628,2,1,0,0,1,0,1,41354,58920,0
aging100,aging,3,stream,52,468374,468455,670794,100270,102150,0,81,202420,102069,2,1,0,0,1,0,1,41919,58350,0
aging100,aging,3,stream,53,570495,570576,773151,100271,102384,0,81,202656,102303,2,1,0,0,1,0,1,41782,58489,0
aging100,aging,3,stream,54,671881,671958,874393,100292,102219,0,77,202512,102142,2,1,0,0,1,0,1,42604,57688,0
aging100,aging,3,stream,55,774264,774366,976677,100268,102144,0,102,202413,102042,2,1,0,0,1,0,1,42268,58000,0
aging100,aging,3,stream,56,875487,875574,1077951,100324,102139,0,87,202464,102052,2,1,0,0,1,0,1,43034,57290,0
aging100,aging,3,stream,57,977784,977866,1180181,100281,102115,0,82,202397,102032,2,1,0,0,1,0,1,42726,57555,0
aging100,aging,3,stream,58,1079058,1079137,1281942,100410,102473,0,79,202884,102394,2,1,0,0,1,0,1,43411,56999,0
aging100,aging,3,stream,59,1181283,1181391,1465528,100251,183994,0,108,284245,183885,2,1,0,0,1,0,1,43403,56848,0
aging100,aging,3,stream,60,1284195,1284393,1568491,100334,183961,0,198,284296,183763,2,1,0,0,1,0,1,42683,57650,0
aging100,aging,3,stream,61,1466660,1466739,1669377,100271,102445,0,79,202717,102365,2,1,0,0,1,0,1,44023,56248,0
aging100,aging,3,stream,62,1569590,1569703,1772250,100269,102391,0,113,202660,102277,2,1,0,0,1,0,1,43343,56926,0
aging100,aging,3,stream,63,1670486,1670568,1872844,100235,102122,0,82,202358,102040,2,1,0,0,1,0,1,44659,55575,0
aging100,aging,3,stream,64,1773365,1773446,1965734,100274,92094,0,81,192369,92014,2,1,0,0,1,0,1,43754,56520,0
aging100,aging,3,stream,65,1873963,1874043,2076636,100260,102412,0,80,202673,102333,2,1,0,0,1,0,1,35096,65163,0
aging100,aging,3,stream,66,1966822,1966899,2133250,100254,66172,0,77,166428,66096,2,1,0,0,1,0,1,44531,55723,0
aging100,aging,3,long,47,0,717,2232546,300429,1932117,0,717,2232546,1123635,4,3,0,0,3,1,2,39075,163176,98177
aging100,aging,4,stream,69,298,39939,262771,100354,162118,0,39641,262473,122478,2,1,0,0,1,0,1,40849,59504,0
aging100,aging,4,stream,70,552,80870,364856,100300,264003,0,80318,364304,183685,2,1,0,0,1,0,1,40677,59622,0
aging100,aging,4,stream,71,264033,264121,466588,100282,102273,0,88,202555,102185,2,1,0,0,1,0,1,41043,59238,0
aging100,aging,4,stream,72,365920,366001,568714,100606,102187,0,81,202794,102106,2,1,0,0,1,0,1,41276,59330,0
aging100,aging,4,stream,73,467836,467918,670612,100297,102478,0,82,202776,102395,2,1,0,0,1,0,1,41398,58899,0
aging100,aging,4,stream,74,569973,570056,772535,100291,102271,0,83,202562,102187,2,1,0,0,1,0,1,41512,58779,0
aging100,aging,4,stream,75,672051,672141,874548,100280,102216,0,90,202497,102126,2,1,0,0,1,0,1,41573,58707,0
aging100,aging,4,stream,76,773660,773742,976253,100273,102319,0,82,202593,102238,2,1,0,0,1,0,1,42028,58244,0
aging100,aging,4,stream,77,875687,875768,1079414,100315,103411,0,81,203727,103330,2,1,0,0,1,0,1,42173,58142,0
aging100,aging,4,stream,78,977329,977407,1179946,100274,102342,0,78,202617,102264,2,1,0,0,1,0,1,43794,56479,0
aging100,aging,4,stream,79,1080500,1080581,1282944,100297,102147,0,81,202444,102065,2,1,0,0,1,0,1,42814,57482,0
aging100,aging,4,stream,80,1181184,1181263,1465209,100255,183769,0,79,284025,183690,2,1,0,0,1,0,1,44128,56127,0
aging100,aging,4,stream,81,1284064,1284143,1568199,100247,183888,0,79,284135,183809,2,1,0,0,1,0,1,43249,56997,0
aging100,aging,4,stream,82,1466302,1466380,1668641,100274,102064,0,78,202339,101986,2,1,0,0,1,0,1,44752,55522,0
aging100,aging,4,stream,83,1569292,1569371,1761745,100286,92167,0,79,192453,92088,2,1,0,0,1,0,1,43699,56586,0
aging100,aging,4,stream,84,1669713,1669795,1872340,100257,102369,0,82,202627,102288,2,1,0,0,1,0,1,35272,64984,0
aging100,aging,4,stream,85,1762832,1762912,1965765,100323,102609,0,80,202933,102529,2,1,0,0,1,0,1,44403,55919,0
aging100,aging,4,stream,86,1873598,1873699,2076096,100261,102235,0,101,202498,102135,2,1,0,0,1,0,1,36073,64188,0
aging100,aging,4,stream,87,1966830,1966915,2132368,100304,65233,0,85,165538,65148,2,1,0,0,1,0,1,44944,55360,0
aging100,aging,4,long,68,0,685,2231345,300345,1930999,0,685,2231345,1124263,4,3,0,0,3,1,2,39169,163099,98075
aging100,aging,5,stream,90,323,39760,262299,100313,161662,0,39437,261976,122225,2,1,0,0,1,0,1,40687,59626,0
aging100,aging,5,stream,91,640,80560,364416,100289,263486,0,79920,363776,183566,2,1,0,0,1,0,1,40601,59688,0
aging100,aging,5,stream,92,263540,263626,466209,100322,102346,0,86,202669,102260,2,1,0,0,1,0,1,41032,59289,0
aging100,aging,5,stream,93,366297,366384,568747,100273,102176,0,87,202450,102088,2,1,0,0,1,0,1,40461,59812,0
aging100,aging,5,stream,94,467628,467712,670242,100297,102316,0,84,202614,102232,2,1,0,0,1,0,1,41145,59152,0
aging100,aging,5,stream,95,569826,569908,772834,100482,102526,0,82,203008,102444,2,1,0,0,1,0,1,41087,59394,0
aging100,aging,5,stream,96,671334,671416,873950,100261,102354,0,82,202616,102272,2,1,0,0,1,0,1,41948,58312,0
aging100,aging,5,stream,97,773938,774018,976828,100478,102411,0,80,202890,102331,2,1,0,0,1,0,1,41551,58926,0
aging100,aging,5,stream,98,875040,875140,1078013,100253,102719,0,100,202973,102619,2,1,0,0,1,0,1,42685,57568,0
aging100,aging,5,stream,99,979455,979619,1182222,100358,102407,0,164,202767,102243,2,1,0,0,1,0,1,40689,59669,0
aging100,aging,5,stream,100,1079347,1079433,1281909,100260,102302,0,86,202562,102216,2,1,0,0,1,0,1,43011,57248,0
aging100,aging,5,stream,101,1183322,1183401,1467356,100459,183574,0,79,284034,183495,2,1,0,0,1,0,1,41246,59213,0
aging100,aging,5,stream,102,1283003,1283103,1567603,100270,184329,0,100,284600,184229,2,1,0,0,1,0,1,43437,56832,0
aging100,aging,5,stream,103,1469970,1470157,1673013,100318,102724,0,187,203043,102537,2,1,0,0,1,0,1,40541,59776,0
aging100,aging,5,stream,104,1568727,1568809,1771552,100262,102563,0,82,202825,102481,2,1,0,0,1,0,1,44356,55905,0
aging100,aging,5,stream,105,1674182,1674264,1876539,100293,102064,0,82,202357,101981,2,1,0,0,1,0,1,41312,58981,0
aging100,aging,5,stream,106,1772950,1773034,1975521,100357,102214,0,84,202571,102130,2,1,0,0,1,0,1,44454,55902,0
aging100,aging,5,stream,107,1877843,1877970,2080369,100332,102194,0,127,202526,102066,2,1,0,0,1,0,1,41576,58755,0
aging100,aging,5,stream,108,1976819,1976900,2137111,100434,59857,0,81,160292,59777,2,1,0,0,1,0,1,44642,55791,0
aging100,aging,5,long,89,0,758,2237681,300365,1937316,0,758,2237681,1124005,4,3,0,0,3,1,2,38926,162834,98604
aging25,aging,1,stream,6,519,38748,261726,100416,160791,0,38229,261207,122561,2,1,0,0,1,0,1,40739,59676,0
aging25,aging,1,stream,7,1067,79568,363664,100306,262290,0,78501,362597,183789,2,1,0,0,1,0,1,40743,59563,0
aging25,aging,1,stream,8,263277,263371,465716,100227,102212,0,94,202439,102117,2,1,0,0,1,0,1,40637,59589,0
aging25,aging,1,stream,9,364747,364824,567432,100244,102440,0,77,202685,102363,2,1,0,0,1,0,1,41199,59045,0
aging25,aging,1,stream,10,466820,466896,751438,100267,184350,0,76,284618,184274,2,1,0,0,1,0,1,41409,58857,0
aging25,aging,1,stream,11,568509,568584,853197,100264,184423,0,75,284688,184348,2,1,0,0,1,0,1,42094,58170,0
aging25,aging,1,stream,12,752507,752582,955017,100247,102262,0,75,202510,102187,2,1,0,0,1,0,1,42374,57873,0
aging25,aging,1,stream,13,854335,854414,1056794,100349,102109,0,79,202459,102030,2,1,0,0,1,0,1,42642,57707,0
aging25,aging,1,stream,14,956120,956198,1240254,100385,183748,0,78,284134,183670,2,1,0,0,1,0,1,42798,57587,0
aging25,aging,1,stream,15,1057879,1057962,1342013,100250,183883,0,83,284134,183800,2,1,0,0,1,0,1,43031,57218,0
aging25,aging,1,stream,16,1241663,1241749,1436232,100844,93724,0,86,194569,93637,2,1,0,0,1,0,1,42998,57846,0
aging25,aging,1,stream,17,1343136,1343216,1545411,100269,102005,0,80,202275,101925,2,1,0,0,1,0,1,35071,65198,0
aging25,aging,1,long,5,0,1381,1600279,300416,1299862,0,1381,1600279,408773,5,4,0,0,4,3,1,37052,263337,27
aging25,aging,1,stream,18,1437366,1437447,1658700,100270,121064,0,81,221334,120983,2,1,0,0,1,0,1,42725,57544,0
aging25,aging,1,stream,19,1546540,1546617,1760287,100272,113475,0,77,213747,113398,2,1,0,0,1,0,1,35305,64966,0
aging25,aging,1,stream,20,1659775,1659851,1862035,100268,101991,0,76,202260,101916,2,1,0,0,1,0,1,35400,64868,0
aging25,aging,1,stream,21,1761360,1761436,1963711,100267,102083,0,76,202351,102007,2,1,0,0,1,0,1,35687,64580,0
aging25,aging,1,stream,22,1863160,1863239,2065734,100236,102337,0,79,202574,102258,2,1,0,0,1,0,1,35791,64445,0
aging25,aging,1,stream,23,1964807,1964882,2130544,100231,65506,0,75,165737,65430,2,1,0,0,1,0,1,36343,63888,0
aging25,aging,2,stream,26,274,39883,262787,100279,162233,0,39609,262513,122623,2,1,0,0,1,0,1,40660,59619,0
aging25,aging,2,stream,27,599,80624,365042,100290,264153,0,80025,364443,184128,2,1,0,0,1,0,1,40769,59521,0
aging25,aging,2,stream,28,263986,264070,466606,100258,102361,0,84,202620,102277,2,1,0,0,1,0,1,41380,58878,0
aging25,aging,2,stream,29,366150,366229,569010,100303,102556,0,79,202860,102477,2,1,0,0,1,0,1,41426,58877,0
aging25,aging,2,stream,30,467686,467769,752489,100324,184478,0,83,284803,184396,2,1,0,0,1,0,1,42289,58035,0
aging25,aging,2,stream,31,570093,570171,854768,100252,184421,0,78,284675,184344,2,1,0,0,1,0,1,42280,57971,0
aging25,aging,2,stream,32,753568,753647,956568,100302,102697,0,79,203000,102618,2,1,0,0,1,0,1,43065,57236,0
aging25,aging,2,stream,33,855859,855938,1058633,100399,102373,0,79,202774,102295,2,1,0,0,1,0,1,43299,57099,0
aging25,aging,2,stream,34,957678,957760,1242217,100260,184278,0,82,284539,184196,2,1,0,0,1,0,1,43701,56558,0
aging25,aging,2,stream,35,1060009,1060096,1344365,100286,184069,0,87,284356,183983,2,1,0,0,1,0,1,43737,56548,0
aging25,aging,2,stream,36,1243294,1243396,1445844,100472,102077,0,102,202550,101975,2,1,0,0,1,0,1,44353,56119,0
aging25,aging,2,stream,37,1345471,1345551,1548280,100308,102501,0,80,202809,102421,2,1,0,0,1,0,1,44104,56204,0
aging25,aging,2,long,25,0,714,1610507,300287,1310219,0,714,1610507,409528,5,4,0,0,4,3,1,39091,261166,29
aging25,aging,2,stream,38,1447613,1447698,1667536,100278,119644,0,85,219923,119559,2,1,0,0,1,0,1,44305,55973,0
aging25,aging,2,stream,39,1549849,1549934,1769236,100261,119125,0,85,219387,119040,2,1,0,0,1,0,1,44476,55784,0
aging25,aging,2,stream,40,1672851,1672937,1875286,100274,102160,0,86,202435,102074,2,1,0,0,1,0,1,40439,59835,0
aging25,aging,2,stream,41,1770329,1770409,1972856,100260,102266,0,80,202527,102187,2,1,0,0,1,0,1,44973,55287,0
aging25,aging,2,stream,42,1876449,1876698,2068793,100270,92074,0,249,192344,91824,2,1,0,0,1,0,1,40799,59470,0
aging25,aging,2,stream,43,1974011,1974114,2134851,100304,60535,0,103,160840,60433,2,1,0,0,1,0,1,35143,65160,0
aging25,aging,3,stream,46,304,39914,263042,100398,162339,0,39610,262738,122729,2,1,0,0,1,0,1,41145,59252,0
aging25,aging,3,stream,47,565,81190,365623,100400,264657,0,80625,365058,184032,2,1,0,0,1,0,1,40815,59585,0
aging25,aging,3,stream,48,264338,264426,467416,100326,102751,0,88,203078,102663,2,1,0,0,1,0,1,41538,58787,0
aging25,aging,3,stream,49,366835,366917,570834,100286,103712,0,82,203999,103630,2,1,0,0,1,0,1,41644,58642,0
aging25,aging,3,stream,50,468508,468586,753741,100538,184694,0,78,285233,184616,2,1,0,0,1,0,1,43535,57003,0
aging25,aging,3,stream,51,572054,572200,857719,100341,185323,0,146,285665,185177,2,1,0,0,1,0,1,42265,58075,0
aging25,aging,3,stream,52,756174,756259,959108,100287,102646,0,85,202934,102561,2,1,0,0,1,0,1,43314,56972,0
aging25,aging,3,stream,53,858862,858941,1061623,100267,102493,0,79,202761,102413,2,1,0,0,1,0,1,43080,57187,0
aging25,aging,3,stream,54,960279,960360,1238356,100258,177818,0,81,278077,177737,2,1,0,0,1,0,1,44032,56226,0
aging25,aging,3,stream,55,1062789,1062873,1340889,100280,177819,0,84,278100,177735,2,1,0,0,1,0,1,43581,56698,0
aging25,aging,3,stream,56,1239797,1239928,1442303,100297,102208,0,131,202506,102077,2,1,0,0,1,0,1,44191,56105,0
aging25,aging,3,stream,57,1342014,1342096,1544944,100272,102657,0,82,202930,102575,2,1,0,0,1,0,1,44028,56243,0
aging25,aging,3,long,45,0,696,1612747,300275,1312471,0,696,1612747,410789,5,4,0,0,4,3,1,39093,261152,29
aging25,aging,3,stream,58,1443389,1443467,1668863,100315,125159,0,78,225474,125081,2,1,0,0,1,0,1,45006,55308,0
aging25,aging,3,stream,59,1546066,1546145,1769064,100320,122677,0,79,222998,122598,2,1,0,0,1,0,1,44642,55677,0
aging25,aging,3,stream,60,1669991,1670071,1872675,100301,102383,0,80,202684,102303,2,1,0,0,1,0,1,43238,57062,0
aging25,aging,3,stream,61,1770252,1770330,1973170,100397,102521,0,78,202918,102442,2,1,0,0,1,0,1,45164,55232,0
aging25,aging,3,stream,62,1873832,1873914,2068689,100299,94557,0,82,194857,94475,2,1,0,0,1,0,1,43952,56346,0
aging25,aging,3,stream,63,1975348,1975499,2133138,100364,57425,0,151,157790,57274,2,1,0,0,1,0,1,36773,63591,0
aging25,aging,4,stream,66,428,40178,263349,100333,162587,0,39750,262921,122837,2,1,0,0,1,0,1,40964,59369,0
aging25,aging,4,stream,67,764,81225,365672,100327,264579,0,80461,364908,184118,2,1,0,0,1,0,1,40780,59547,0
aging25,aging,4,stream,68,264541,264629,467270,100277,102452,0,88,202729,102364,2,1,0,0,1,0,1,41424,58853,0
aging25,aging,4,stream,69,366772,366884,569529,100401,102355,0,112,202757,102243,2,1,0,0,1,0,1,41462,58938,0
aging25,aging,4,stream,70,468566,468687,753452,100269,184616,0,121,284886,184495,2,1,0,0,1,0,1,41828,58440,0
aging25,aging,4,stream,71,571967,572409,856836,100362,184506,0,442,284869,184064,2,1,0,0,1,0,1,40746,59616,0
aging25,aging,4,stream,72,754549,754626,957189,100281,102358,0,77,202640,102281,2,1,0,0,1,0,1,42524,57756,0
aging25,aging,4,stream,73,857913,857990,1060684,100293,102477,0,77,202771,102400,2,1,0,0,1,0,1,41369,58924,0
aging25,aging,4,stream,74,958586,958700,1243527,100307,184633,0,114,284941,184519,2,1,0,0,1,0,1,42986,57321,0
aging25,aging,4,stream,75,1062058,1062144,1347453,100394,185000,0,86,285395,184913,2,1,0,0,1,0,1,41912,58482,0
aging25,aging,4,stream,76,1244614,1244713,1447899,100275,103009,0,99,203285,102911,2,1,0,0,1,0,1,44142,56132,0
aging25,aging,4,stream,77,1349537,1349724,1552719,100467,102714,0,187,203182,102527,2,1,0,0,1,0,1,41969,58497,0
aging25,aging,4,long,65,0,884,1612013,300263,1311750,0,884,1612013,410338,5,4,0,0,4,3,1,39182,261052,28
aging25,aging,4,stream,78,1449179,1449257,1668760,100295,119284,0,78,219581,119206,2,1,0,0,1,0,1,44887,55408,0
aging25,aging,4,stream,79,1553985,1554065,1766749,100299,112464,0,80,212764,112384,2,1,0,0,1,0,1,42329,57969,0
aging25,aging,4,stream,80,1669824,1669902,1872012,100288,101899,0,78,202188,101821,2,1,0,0,1,0,1,38809,61479,0
aging25,aging,4,stream,81,1767834,1767912,1970081,100286,101960,0,78,202247,101882,2,1,0,0,1,0,1,42547,57738,0
aging25,aging,4,stream,82,1873238,1873315,2076155,100365,102551,0,77,202917,102474,2,1,0,0,1,0,1,38959,61406,0
aging25,aging,4,stream,83,1971196,1971272,2133924,100275,62453,0,76,162728,62376,2,1,0,0,1,0,1,43407,56868,0
aging25,aging,5,stream,86,287,39888,263734,100341,163105,0,39601,263447,123504,2,1,0,0,1,0,1,40767,59574,0
aging25,aging,5,stream,87,567,80733,365768,100350,264850,0,80166,365201,184683,2,1,0,0,1,0,1,40818,59532,0
aging25,aging,5,stream,88,264980,265066,467499,100254,102263,0,86,202519,102177,2,1,0,0,1,0,1,41129,59125,0
aging25,aging,5,stream,89,367002,367079,569282,100262,102017,0,77,202280,101941,2,1,0,0,1,0,1,41225,59036,0
aging25,aging,5,stream,90,468768,468849,755181,100289,186123,0,81,286413,186042,2,1,0,0,1,0,1,41329,58960,0
aging25,aging,5,stream,91,570403,570487,854667,100320,183943,0,84,284264,183859,2,1,0,0,1,0,1,44151,56169,0
aging25,aging,5,stream,92,756274,756356,958803,100256,102272,0,82,202529,102191,2,1,0,0,1,0,1,42029,58227,0
aging25,aging,5,stream,93,855747,855826,1058242,100244,102251,0,79,202495,102171,2,1,0,0,1,0,1,44669,55575,0
aging25,aging,5,stream,94,959870,959947,1234065,100266,173927,0,77,274195,173851,2,1,0,0,1,0,1,42652,57614,0
aging25,aging,5,stream,95,1059326,1059404,1343946,100275,184344,0,78,284620,184267,2,1,0,0,1,0,1,35029,65246,0
aging25,aging,5,stream,96,1235202,1235281,1438280,100856,102220,0,79,203078,102141,2,1,0,0,1,0,1,43381,57475,0
aging25,aging,5,stream,97,1345025,1345102,1547648,100288,102334,0,77,202623,102257,2,1,0,0,1,0,1,35638,64650,0
aging25,aging,5,long,85,0,684,1600803,300252,1300550,0,684,1600803,410619,5,4,0,0,4,3,1,39125,261100,27
aging25,aging,5,stream,98,1439600,1439684,1658721,100267,118853,0,84,219121,118769,2,1,0,0,1,0,1,43235,57032,0
aging25,aging,5,stream,99,1548747,1548834,1762949,101476,112725,0,87,214202,112638,2,1,0,0,1,0,1,36510,64966,0
aging25,aging,5,stream,100,1659783,1659860,1873119,100264,113072,0,77,213336,112995,2,1,0,0,1,0,1,38051,62212,0
aging25,aging,5,stream,101,1765623,1765835,1968709,100518,102567,0,212,203086,102354,2,1,0,0,1,0,1,44939,55578,0
aging25,aging,5,stream,102,1874260,1874356,2077351,100382,102708,0,96,203091,102612,2,1,0,0,1,0,1,38741,61641,0
aging25,aging,5,stream,103,1970805,1970958,2135610,100551,64252,0,153,164805,64100,2,1,0,0,1,0,1,44644,55906,0
mlfq,single,1,cpu,5,0,147,500958,500485,472,0,147,500958,147,5,4,0,0,2,0,2,39079,81796,379608
mlfq,single,2,cpu,7,0,224,500821,500248,572,0,224,500821,224,5,4,0,0,2,0,2,39530,81622,379095
mlfq,single,3,cpu,9,0,153,500774,500270,503,0,153,500774,152,5,4,0,0,2,0,2,38918,81554,379797
mlfq,single,4,cpu,11,0,130,500675,500246,428,0,130,500675,129,5,4,0,0,2,0,2,39656,81535,379054
mlfq,single,5,cpu,13,0,130,500680,500240,439,0,130,500680,129,5,4,0,0,2,0,2,39515,81522,379203
mlfq,multi,1,A,16,0,732,965974,400232,565741,0,732,965974,319834,4,3,0,0,2,0,2,38952,81617,279662
mlfq,multi,1,B,17,312,39765,1081009,400275,680421,0,39453,1080697,273116,4,3,0,0,2,0,2,40779,81795,277700
mlfq,multi,1,C,18,611,80626,1204100,400285,803202,0,80015,1203489,327556,4,3,0,0,2,0,2,40597,81586,278101
mlfq,multi,2,A,20,0,779,974002,400255,573747,0,779,974002,327198,4,3,0,0,2,0,2,39168,81827,279259
mlfq,multi,2,B,21,399,40033,1088918,400270,688247,0,39634,1088519,280935,4,3,0,0,2,0,2,41095,81963,277212
mlfq,multi,2,C,22,672,81231,1204186,400358,803156,0,80559,1203514,326610,4,3,0,0,2,0,2,40782,81464,278111
mlfq,multi,3,A,24,0,712,975021,400240,574780,0,712,975021,327949,4,3,0,0,2,0,2,39247,81736,279257
mlfq,multi,3,B,25,338,40066,1089163,400341,688483,0,39728,1088825,280331,4,3,0,0,2,0,2,40700,82309,277331
mlfq,multi,3,C,26,611,80849,1204144,400306,803226,0,80238,1203533,327965,4,3,0,0,2,0,2,40636,81948,277721
mlfq,multi,4,A,28,0,702,957983,400484,557498,0,702,957983,311410,4,3,0,0,2,0,2,40746,81838,277899
mlfq,multi,4,B,29,327,41530,1081943,400370,681245,0,41203,1081616,271100,4,3,0,0,2,0,2,40808,81608,277954
mlfq,multi,4,C,30,597,82421,1205738,400295,804846,0,81824,1205141,320237,4,3,0,0,2,0,2,40706,81704,277883
mlfq,multi,5,A,32,0,741,973851,400228,573622,0,741,973851,327674,4,3,0,0,2,0,2,39044,81514,279669
mlfq,multi,5,B,33,373,39924,1089410,400315,688721,0,39551,1089037,281519,4,3,0,0,2,0,2,40824,81623,277867
mlfq,multi,5,C,34,632,80836,1204545,400551,803360,0,80204,1203913,327044,4,3,0,0,2,0,2,40769,81475,278307
mlfq,mixed,1,short1,40,306496,307769,338101,30332,1272,0,1273,31605,1272,1,0,0,0,0,0,0,30332,0,0
mlfq,mixed,1,short2,41,714544,716679,746941,30262,2134,0,2135,32397,2134,1,0,0,0,0,0,0,30262,0,0
mlfq,mixed,1,io,39,573,80929,1142629,109177,147156,885722,80356,1142056,80356,101,0,0,100,0,0,0,109177,0,0
mlfq,mixed,1,long1,37,0,724,2120756,1000236,1120519,0,724,2120756,184766,58,7,50,0,2,0,2,39292,80969,879974
mlfq,mixed,1,long2,38,314,40118,2188347,1000289,1187743,0,39804,2188033,215716,50,7,42,0,2,0,2,40728,80766,878795
mlfq,mixed,2,short1,46,305443,306658,336904,30246,1215,0,1215,31461,1215,1,0,0,0,0,0,0,30246,0,0
mlfq,mixed,2,short2,47,713267,715449,745700,30250,2181,0,2182,32433,2181,1,0,0,0,0,0,0,30250,0,0
mlfq,mixed,2,io,45,619,80799,1140569,110248,151072,878629,80180,1139950,80179,101,0,0,100,0,0,0,110248,0,0
mlfq,mixed,2,long1,43,0,744,2122250,1000305,1121944,0,744,2122250,184853,58,7,50,0,2,0,2,38898,79330,882076
mlfq,mixed,2,long2,44,336,39722,2190184,1000322,1189526,0,39386,2189848,215304,50,7,42,0,2,0,2,40943,80802,878576
mlfq,mixed,3,short1,52,306341,307583,337870,30286,1242,0,1242,31529,1242,1,0,0,0,0,0,0,30286,0,0
mlfq,mixed,3,short2,53,713164,715265,745521,30255,2101,0,2101,32357,2101,1,0,0,0,0,0,0,30255,0,0
mlfq,mixed,3,io,51,592,81639,1140653,109825,146322,883912,81047,1140061,81046,101,0,0,100,0,0,0,109825,0,0
mlfq,mixed,3,long1,49,0,754,2120043,1000240,1119802,0,754,2120043,184474,58,7,50,0,2,0,2,38887,80802,880551
mlfq,mixed,3,long2,50,324,39719,2188729,1000295,1188108,0,39395,2188405,215002,50,7,42,0,2,0,2,41778,80757,877760
mlfq,mixed,4,short1,58,306049,307311,337573,30261,1261,0,1262,31524,1261,1,0,0,0,0,0,0,30261,0,0
mlfq,mixed,4,short2,59,714207,716420,746704,30284,2212,0,2213,32497,2212,1,0,0,0,0,0,0,30284,0,0
mlfq,mixed,4,io,57,624,80418,1143871,109165,146317,887764,79794,1143247,79793,101,0,0,100,0,0,0,109165,0,0
mlfq,mixed,4,long1,55,0,763,2124788,1000226,1124562,0,763,2124788,185875,58,7,50,0,2,0,2,38769,81150,880306
mlfq,mixed,4,long2,56,331,39633,2188557,1000306,1187919,0,39302,2188226,216526,50,7,42,0,2,0,2,40620,80809,878876
mlfq,mixed,5,short1,64,306185,307474,337840,30365,1288,0,1289,31655,1288,1,0,0,0,0,0,0,30365,0,0
mlfq,mixed,5,short2,65,715789,717895,748141,30246,2105,0,2106,32352,2105,1,0,0,0,0,0,0,30246,0,0
mlfq,mixed,5,io,63,635,80579,1144016,113348,148397,881634,79944,1143381,79944,101,0,0,100,0,0,0,113348,0,0
mlfq,mixed,5,long1,61,0,762,2126486,1000234,1126251,0,762,2126486,185179,58,7,50,0,2,0,2,39022,80740,880471
mlfq,mixed,5,long2,62,346,39862,2193970,1000254,1193369,0,39516,2193624,217031,50,7,42,0,2,0,2,40641,80284,879328
mlfq,aging,1,stream,69,369,39833,262620,100334,161917,0,39464,262251,122453,2,1,0,0,1,0,1,40756,59578,0
mlfq,aging,1,stream,70,633,80642,364305,100268,263404,0,80009,363672,183395,2,1,0,0,1,0,1,40775,59492,0
mlfq,aging,1,stream,71,263999,264096,466285,100287,101998,0,97,202286,101901,2,1,0,0,1,0,1,40640,59646,0
mlfq,aging,1,stream,72,365382,365460,567534,100251,101900,0,78,202152,101822,2,1,0,0,1,0,1,41112,59139,0
mlfq,aging,1,stream,73,467353,467469,669981,100416,102212,0,116,202628,102095,2,1,0,0,1,0,1,40856,59559,0
mlfq,aging,1,stream,74,568652,568729,770933,100272,102008,0,77,202281,101931,2,1,0,0,1,0,1,41575,58697,0
mlfq,aging,1,stream,75,671213,671294,873892,100419,102260,0,81,202679,102179,2,1,0,0,1,0,1,40875,59543,0
mlfq,aging,1,stream,76,772027,772139,1055714,100270,183417,0,112,283687,183305,2,1,0,0,1,0,1,42142,58128,0
mlfq,aging,1,stream,77,875007,875088,1158739,100260,183471,0,81,283732,183391,2,1,0,0,1,0,1,40997,59262,0
mlfq,aging,1,stream,78,1056993,1057119,1259119,100276,101849,0,126,202126,101723,2,1,0,0,1,0,1,42308,57967,0
mlfq,aging,1,stream,79,1159831,1159933,1362499,100278,102389,0,102,202668,102286,2,1,0,0,1,0,1,41150,59128,0
mlfq,aging,1,stream,80,1260251,1260333,1462976,100293,102431,0,82,202725,102349,2,1,0,0,1,0,1,42963,57330,0
mlfq,aging,1,stream,81,1363571,1363692,1566263,100309,102382,0,121,202692,102261,2,1,0,0,1,0,1,41863,58445,0
mlfq,aging,1,stream,82,1464056,1464167,1748880,100288,184536,0,111,284824,184424,2,1,0,0,1,0,1,43577,56711,0
mlfq,aging,1,stream,83,1567359,1567437,1851996,100274,184362,0,78,284637,184284,2,1,0,0,1,0,1,42623,57650,0
mlfq,aging,1,stream,84,1749979,1750060,1952346,100257,102109,0,81,202367,102029,2,1,0,0,1,0,1,44215,56041,0
mlfq,aging,1,stream,85,1853105,1853186,2055549,100246,102197,0,81,202444,102117,2,1,0,0,1,0,1,43048,57197,0
mlfq,aging,1,stream,86,1953425,1953503,2112021,100322,58272,0,78,158596,58195,2,1,0,0,1,0,1,44777,55545,0
mlfq,aging,1,long,68,0,765,2129478,300243,1829234,0,765,2129478,713205,5,4,0,0,4,2,2,38983,244643,16616
mlfq,aging,2,stream,89,295,39833,262643,100285,162062,0,39538,262348,122524,2,1,0,0,1,0,1,40571,59714,0
mlfq,aging,2,stream,90,559,80478,364896,100303,264033,0,79919,364337,184114,2,1,0,0,1,0,1,40729,59573,0
mlfq,aging,2,stream,91,263873,263963,466292,100268,102150,0,90,202419,102060,2,1,0,0,1,0,1,41290,58978,0
mlfq,aging,2,stream,92,366027,366108,568543,100277,102238,0,81,202516,102157,2,1,0,0,1,0,1,41134,59143,0
mlfq,aging,2,stream,93,467422,467501,671852,100277,104153,0,79,204430,104073,2,1,0,0,1,0,1,41829,58447,0
mlfq,aging,2,stream,94,569639,569740,771746,100305,101801,0,101,202107,101700,2,1,0,0,1,0,1,43593,56712,0
mlfq,aging,2,stream,95,672934,673013,956944,100279,183730,0,79,284010,183652,2,1,0,0,1,0,1,41954,58324,0
mlfq,aging,2,stream,96,772833,772919,1056609,100407,183369,0,86,283776,183283,2,1,0,0,1,0,1,44084,56322,0
mlfq,aging,2,stream,97,958048,958128,1160726,100299,102379,0,80,202678,102299,2,1,0,0,1,0,1,42087,58212,0
mlfq,aging,2,stream,98,1058385,1058519,1260974,100267,102321,0,134,202589,102188,2,1,0,0,1,0,1,43926,56340,0
mlfq,aging,2,stream,99,1161844,1162012,1363940,100310,101785,0,168,202096,101617,2,1,0,0,1,0,1,42553,57757,0
mlfq,aging,2,stream,100,1262094,1262174,1464218,100250,101873,0,80,202124,101793,2,1,0,0,1,0,1,43941,56309,0
mlfq,aging,2,stream,101,1365164,1365243,1567250,100253,101832,0,79,202086,101753,2,1,0,0,1,0,1,42589,57664,0
mlfq,aging,2,stream,102,1465383,1465471,1748623,100283,182956,0,88,283240,182867,2,1,0,0,1,0,1,44046,56237,0
mlfq,aging,2,stream,103,1568336,1568419,1851735,100270,183128,0,83,283399,183045,2,1,0,0,1,0,1,42631,57638,0
mlfq,aging,2,stream,104,1749716,1749796,1952051,100245,102089,0,80,202335,102009,2,1,0,0,1,0,1,44257,55988,0
mlfq,aging,2,stream,105,1852803,1852882,2055084,100242,102038,0,79,202281,101959,2,1,0,0,1,0,1,43110,57132,0
mlfq,aging,2,stream,106,1953142,1953219,2111604,100249,58213,0,77,158462,58135,2,1,0,0,1,0,1,44634,55614,0
mlfq,aging,2,long,88,0,689,2129479,300229,1829248,0,689,2129479,712566,5,4,0,0,4,2,2,39039,244187,17002
mlfq,aging,3,stream,109,288,39773,262551,100325,161938,0,39485,262263,122453,2,1,0,0,1,0,1,40785,59539,0
mlfq,aging,3,stream,110,544,80635,364401,100307,263549,0,80091,363857,183458,2,1,0,0,1,0,1,40630,59677,0
mlfq,aging,3,stream,111,263734,263995,466033,100285,102013,0,261,202299,101752,2,1,0,0,1,0,1,40654,59631,0
mlfq,aging,3,stream,112,365469,365545,567684,100431,101783,0,76,202215,101707,2,1,0,0,1,0,1,40791,59640,0
mlfq,aging,3,stream,113,467455,467537,669535,100264,101815,0,82,202080,101733,2,1,0,0,1,0,1,40455,59808,0
mlfq,aging,3,stream,114,568771,568852,771219,100419,102027,0,81,202448,101947,2,1,0,0,1,0,1,40803,59616,0
mlfq,aging,3,stream,115,670848,670965,873130,100268,102013,0,117,202282,101896,2,1,0,0,1,0,1,40571,59697,0
mlfq,aging,3,stream,116,772301,772379,1056435,100457,183677,0,78,284134,183599,2,1,0,0,1,0,1,40984,59472,0
mlfq,aging,3,stream,117,874422,874505,1158544,100280,183840,0,83,284122,183757,2,1,0,0,1,0,1,40719,59561,0
mlfq,aging,3,stream,118,1057510,1057587,1259553,100250,101792,0,77,202043,101715,2,1,0,0,1,0,1,41269,58981,0
mlfq,aging,3,stream,119,1159625,1159703,1362052,100449,101976,0,78,202427,101898,2,1,0,0,1,0,1,40830,59619,0
mlfq,aging,3,stream,120,1260691,1260772,1463219,100304,102224,0,81,202528,102142,2,1,0,0,1,0,1,41573,58730,0
mlfq,aging,3,stream,121,1363769,1363858,1566446,100299,102377,0,89,202677,102288,2,1,0,0,1,0,1,40617,59682,0
mlfq,aging,3,stream,122,1464296,1464378,1666549,100263,101989,0,82,202253,101908,2,1,0,0,1,0,1,42275,57987,0
mlfq,aging,3,stream,123,1567521,1567598,1851521,100472,183527,0,77,284000,183450,2,1,0,0,1,0,1,40929,59542,0
mlfq,aging,3,stream,124,1667629,1667707,1951479,100261,183588,0,78,283850,183511,2,1,0,0,1,0,1,42679,57581,0
mlfq,aging,3,stream,125,1852753,1852832,2055261,100304,102203,0,79,202508,102124,2,1,0,0,1,0,1,40994,59309,0
mlfq,aging,3,stream,126,1952545,1952621,2113130,100258,60326,0,76,160585,60250,2,1,0,0,1,0,1,43258,56999,0
mlfq,aging,3,long,108,0,651,2130630,300227,1830401,0,651,2130630,713606,5,4,0,0,4,2,2,39045,244546,16636
mlfq,aging,4,stream,129,279,40047,262817,100490,162047,0,39768,262538,122279,2,1,0,0,1,0,1,40647,59842,0
mlfq,aging,4,stream,130,561,80773,365717,100413,264742,0,80212,365156,184530,2,1,0,0,1,0,1,40632,59781,0
mlfq,aging,4,stream,131,265701,265882,468796,100307,102787,0,181,203095,102606,2,1,0,0,1,0,1,39978,60328,0
mlfq,aging,4,stream,132,368063,368143,571281,100266,102951,0,80,203218,102871,2,1,0,0,1,0,1,40230,60036,0
mlfq,aging,4,stream,133,469877,469954,672082,100284,101920,0,77,202205,101843,2,1,0,0,1,0,1,41186,59097,0
mlfq,aging,4,stream,134,572555,572635,774851,100303,101992,0,80,202296,101912,2,1,0,0,1,0,1,40313,59990,0
mlfq,aging,4,stream,135,673805,673929,958311,100411,184094,0,124,284506,183971,2,1,0,0,1,0,1,40862,59549,0
mlfq,aging,4,stream,136,776108,776190,1060026,100283,183634,0,82,283918,183552,2,1,0,0,1,0,1,40852,59430,0
mlfq,aging,4,stream,137,959455,959535,1162217,100448,102313,0,80,202762,102234,2,1,0,0,1,0,1,40993,59455,0
mlfq,aging,4,stream,138,1061216,1061298,1263928,100311,102399,0,82,202712,102317,2,1,0,0,1,0,1,41362,58948,0
mlfq,aging,4,stream,139,1163340,1163438,1365896,100280,102276,0,98,202556,102178,2,1,0,0,1,0,1,41471,58809,0
mlfq,aging,4,stream,140,1265034,1265112,1468198,100457,102705,0,78,203164,102628,2,1,0,0,1,0,1,41904,58553,0
mlfq,aging,4,stream,141,1367048,1367128,1652368,100302,185017,0,80,285320,184937,2,1,0,0,1,0,1,42440,57862,0
mlfq,aging,4,stream,142,1469579,1469664,1754287,100360,184347,0,85,284708,184261,2,1,0,0,1,0,1,43062,57297,0
mlfq,aging,4,stream,143,1653483,1653564,1856082,100258,102340,0,81,202599,102259,2,1,0,0,1,0,1,43275,56982,0
mlfq,aging,4,stream,144,1755835,1755916,1958363,100280,102248,0,81,202528,102167,2,1,0,0,1,0,1,43118,57161,0
mlfq,aging,4,stream,145,1857168,1857245,2059628,100257,102201,0,77,202460,102125,2,1,0,0,1,0,1,43873,56384,0
mlfq,aging,4,stream,146,1959494,1959576,2117181,100273,57413,0,82,157687,57331,2,1,0,0,1,0,1,43598,56674,0
mlfq,aging,4,long,128,0,677,2134447,300269,1834177,0,677,2134447,614210,5,4,0,0,4,3,1,39291,260918,59
mlfq,aging,5,stream,149,290,40121,264207,100382,163535,0,39831,263917,123704,2,1,0,0,1,0,1,40662,59719,0
mlfq,aging,5,stream,150,690,80862,365790,100296,264803,0,80172,365100,184630,2,1,0,0,1,0,1,40931,59365,0
mlfq,aging,5,stream,151,265680,265781,467889,100274,101933,0,101,202209,101833,2,1,0,0,1,0,1,40578,59696,0
mlfq,aging,5,stream,152,366860,366960,569305,100295,102148,0,100,202445,102048,2,1,0,0,1,0,1,41161,59134,0
mlfq,aging,5,stream,153,468972,469051,671224,100274,101977,0,79,202252,101898,2,1,0,0,1,0,1,41049,59225,0
mlfq,aging,5,stream,154,570562,570643,773105,100406,102135,0,81,202543,102054,2,1,0,0,1,0,1,41311,59095,0
mlfq,aging,5,stream,155,672305,672381,875465,100333,102827,0,76,203160,102750,2,1,0,0,1,0,1,41556,58777,0
mlfq,aging,5,stream,156,775662,775818,1060227,100381,184183,0,156,284565,184027,2,1,0,0,1,0,1,40743,59638,0
mlfq,aging,5,stream,157,877647,877814,1162344,100672,184024,0,167,284697,183857,2,1,0,0,1,0,1,41099,59572,0
mlfq,aging,5,stream,158,1061563,1061650,1264053,100521,101969,0,87,202490,101882,2,1,0,0,1,0,1,41008,59513,0
mlfq,aging,5,stream,159,1163425,1163502,1365748,100261,102061,0,77,202323,101984,2,1,0,0,1,0,1,40985,59276,0
mlfq,aging,5,stream,160,1265246,1265330,1467558,100273,102037,0,84,202312,101954,2,1,0,0,1,0,1,41071,59202,0
mlfq,aging,5,stream,161,1366842,1366942,1569333,100329,102161,0,100,202491,102061,2,1,0,0,1,0,1,41334,58995,0
mlfq,aging,5,stream,162,1468785,1468884,1671275,100276,102212,0,99,202490,102114,2,1,0,0,1,0,1,41370,58906,0
mlfq,aging,5,stream,163,1570437,1570516,1854050,100281,183331,0,79,283613,183253,2,1,0,0,1,0,1,41782,58498,0
mlfq,aging,5,stream,164,1672358,1672436,1956198,100269,183571,0,78,283840,183493,2,1,0,0,1,0,1,41581,58687,0
mlfq,aging,5,stream,165,1855129,1855207,2057434,100251,102053,0,78,202305,101975,2,1,0,0,1,0,1,42235,58016,0
mlfq,aging,5,stream,166,1957462,1957542,2116743,100254,59027,0,80,159281,58946,2,1,0,0,1,0,1,41833,58421,0
mlfq,aging,5,long,148,0,803,2133323,300263,1833059,0,803,2133323,714536,5,4,0,0,4,2,2,39160,245494,15608
q2-4-8,single,1,cpu,5,0,142,501327,500675,651,0,142,501327,142,8,7,0,0,2,0,2,20211,40842,439621
q2-4-8,single,2,cpu,7,0,269,501101,500248,851,0,269,501101,269,8,7,0,0,2,0,2,18891,40814,440542
q2-4-8,single,3,cpu,9,0,255,501051,500310,741,0,255,501051,255,8,7,0,0,2,0,2,18212,40845,441252
q2-4-8,single,4,cpu,11,0,171,501098,500319,779,0,171,501098,171,8,7,0,0,2,0,2,19104,40699,440515
q2-4-8,single,5,cpu,13,0,137,500851,500225,625,0,137,500851,137,8,7,0,0,2,0,2,19156,41122,439946
q2-4-8,multi,1,A,16,0,700,1177631,400268,777362,0,700,1177631,163846,7,6,0,0,2,0,2,18521,40652,341094
q2-4-8,multi,1,B,17,311,19303,1191226,400272,790642,0,18992,1190915,163541,7,6,0,0,2,0,2,20298,40884,339089
q2-4-8,multi,1,C,18,586,39681,1204859,400308,803963,0,39095,1204273,163695,7,6,0,0,2,0,2,20362,40787,339158
q2-4-8,multi,2,A,20,0,668,1176013,400325,775687,0,668,1176013,163301,7,6,0,0,2,0,2,18598,40717,341009
q2-4-8,multi,2,B,21,312,19344,1190073,400404,789356,0,19032,1189761,163213,7,6,0,0,2,0,2,20398,40795,339211
q2-4-8,multi,2,C,22,568,39837,1204924,400317,804037,0,39269,1204356,163239,7,6,0,0,2,0,2,20285,40716,339315
q2-4-8,multi,3,A,24,0,1278,1175875,400325,775549,0,1278,1175875,163057,7,6,0,0,2,0,2,17358,40908,342059
q2-4-8,multi,3,B,25,599,18793,1190948,400339,790009,0,18194,1190349,163705,7,6,0,0,2,0,2,20217,40727,339394
q2-4-8,multi,3,C,26,1073,39088,1205500,400310,804116,0,38015,1204427,163355,7,6,0,0,2,0,2,20369,40782,339157
q2-4-8,multi,4,A,28,0,667,1177375,400242,777131,0,667,1177375,164737,7,6,0,0,2,0,2,18501,40652,341089
q2-4-8,multi,4,B,29,308,19245,1190039,400234,789496,0,18937,1189731,163253,7,6,0,0,2,0,2,20299,40737,339197
q2-4-8,multi,4,C,30,569,39621,1204680,400329,803782,0,39052,1204111,164599,7,6,0,0,2,0,2,20294,40655,339379
q2-4-8,multi,5,A,32,0,1260,1180576,400349,780226,0,1260,1180576,164995,7,6,0,0,2,0,2,17844,40944,341561
q2-4-8,multi,5,B,33,320,19183,1192138,400253,791563,0,18863,1191818,164049,7,6,0,0,2,0,2,20513,40960,338779
q2-4-8,multi,5,C,34,894,39834,1205521,400377,804249,0,38940,1204627,164468,7,6,0,0,2,0,2,20399,40705,339272
q2-4-8,mixed,1,short1,40,306159,307390,340133,30261,3712,0,1231,33974,1244,3,1,1,0,1,0,1,18797,11463,0
q2-4-8,mixed,1,short2,41,715116,717282,749895,30259,4518,0,2166,34779,2165,3,1,1,0,1,0,1,17828,12431,0
q2-4-8,mixed,1,io,39,612,39899,1082083,108246,81014,892210,39287,1081471,39287,101,0,0,100,0,0,0,108246,0,0
q2-4-8,mixed,1,long1,37,0,740,2140262,1000371,1139889,0,740,2140262,126307,57,13,43,0,2,0,2,18555,36038,945777
q2-4-8,mixed,1,long2,38,314,19375,2189152,1000294,1188542,0,19061,2188838,123909,56,13,42,0,2,0,2,20439,36171,943683
q2-4-8,mixed,2,short1,46,306770,307993,340671,30245,3654,0,1223,33901,1235,3,1,1,0,1,0,1,18846,11399,0
q2-4-8,mixed,2,short2,47,716669,718767,751397,30289,4438,0,2098,34728,2097,3,1,1,0,1,0,1,17906,12382,0
q2-4-8,mixed,2,io,45,614,39984,1085159,108223,81274,895047,39370,1084545,39369,101,0,0,100,0,0,0,108223,0,0
q2-4-8,mixed,2,long1,43,0,745,2142986,1000268,1142718,0,745,2142986,126368,57,13,43,0,2,0,2,18628,35979,945659
q2-4-8,mixed,2,long2,44,346,19460,2187863,1000334,1187181,0,19114,2187517,123955,56,13,42,0,2,0,2,20433,36078,943823
q2-4-8,mixed,3,short1,52,305818,307051,339745,30247,3680,0,1233,33927,1244,3,1,1,0,1,0,1,18836,11410,0
q2-4-8,mixed,3,short2,53,714749,716880,749540,30268,4522,0,2131,34791,2131,3,1,1,0,1,0,1,17914,12353,0
q2-4-8,mixed,3,io,51,594,39910,1082938,109171,81462,891710,39316,1082344,39316,101,0,0,100,0,0,0,109171,0,0
q2-4-8,mixed,3,long1,49,0,726,2141638,1000252,1141385,0,726,2141638,126396,57,13,43,0,2,0,2,18634,35772,945846
q2-4-8,mixed,3,long2,50,302,19440,2189135,1000314,1188518,0,19138,2188833,124010,56,13,42,0,2,0,2,20389,35784,944139
q2-4-8,mixed,4,short1,58,306174,307466,340311,30363,3773,0,1292,34137,1291,3,1,1,0,1,0,1,18537,11826,0
q2-4-8,mixed,4,short2,59,718166,720271,752899,30253,4478,0,2105,34733,2105,3,1,1,0,1,0,1,17950,12303,0
q2-4-8,mixed,4,io,57,728,39709,1085658,108749,82173,894007,38981,1084930,38981,101,0,0,100,0,0,0,108749,0,0
q2-4-8,mixed,4,long1,55,0,863,2133643,1000242,1133400,0,863,2133643,126842,57,13,43,0,2,0,2,18430,35796,946014
q2-4-8,mixed,4,long2,56,393,19371,2189637,1000406,1188837,0,18978,2189244,123832,56,13,42,0,2,0,2,20260,35903,944243
q2-4-8,mixed,5,short1,64,305724,306967,339715,30267,3724,0,1243,33991,1243,3,1,1,0,1,0,1,18752,11514,0
q2-4-8,mixed,5,short2,65,715841,718013,750664,30281,4542,0,2172,34823,2171,3,1,1,0,1,0,1,17834,12447,0
q2-4-8,mixed,5,io,63,668,39938,1083654,109962,82513,890511,39270,1082986,39269,101,0,0,100,0,0,0,109962,0,0
q2-4-8,mixed,5,long1,61,0,807,2143230,1000274,1142955,0,807,2143230,126425,57,13,43,0,2,0,2,18609,35716,945948
q2-4-8,mixed,5,long2,62,318,19514,2190546,1000313,1189914,0,19196,2190228,123865,56,13,42,0,2,0,2,20346,35743,944223
q8-16-32,single,1,cpu,5,0,234,500881,500475,405,0,234,500881,234,3,2,0,0,2,0,2,80019,165063,255392
q8-16-32,single,2,cpu,7,0,131,500545,500278,266,0,131,500545,130,3,2,0,0,2,0,2,80521,163431,256325
q8-16-32,single,3,cpu,9,0,136,500614,500279,335,0,136,500614,136,3,2,0,0,2,0,2,80451,164143,255685
q8-16-32,single,4,cpu,11,0,138,500686,500406,278,0,138,500686,138,3,2,0,0,2,0,2,80419,164653,255333
q8-16-32,single,5,cpu,13,0,131,500501,500255,245,0,131,500501,130,3,2,0,0,2,0,2,80550,163526,256179
q8-16-32,multi,1,A,16,0,732,890947,400247,490699,0,732,890947,326766,3,2,0,0,2,0,2,79774,163617,156855
q8-16-32,multi,1,B,17,304,80588,1047289,400287,646697,0,80284,1046985,321103,3,2,0,0,2,0,2,81498,163409,155379
q8-16-32,multi,1,C,18,612,162167,1203939,400311,803015,0,161555,1203327,327239,3,2,0,0,2,0,2,81470,163144,155695
q8-16-32,multi,2,A,20,0,812,890744,400432,490311,0,812,890744,326234,3,2,0,0,2,0,2,79789,163217,157425
q8-16-32,multi,2,B,21,355,80677,1047765,400305,647104,0,80322,1047410,321872,3,2,0,0,2,0,2,81580,162947,155778
q8-16-32,multi,2,C,22,699,162337,1204654,400490,803465,0,161638,1203955,326392,3,2,0,0,2,0,2,81451,163032,156005
q8-16-32,multi,3,A,24,0,729,891476,400230,491245,0,729,891476,326658,3,2,0,0,2,0,2,79695,163113,157421
q8-16-32,multi,3,B,25,346,80504,1047899,400288,647265,0,80158,1047553,321885,3,2,0,0,2,0,2,81737,163113,155437
q8-16-32,multi,3,C,26,627,162325,1203931,400305,802998,0,161698,1203304,326490,3,2,0,0,2,0,2,81888,163277,155139
q8-16-32,multi,4,A,28,0,702,889872,400241,489631,0,702,889872,325968,3,2,0,0,2,0,2,79634,162760,157846
q8-16-32,multi,4,B,29,294,80433,1046782,400455,646033,0,80139,1046488,321740,3,2,0,0,2,0,2,81540,162928,155986
q8-16-32,multi,4,C,30,594,162051,1205407,400355,804458,0,161457,1204813,325923,3,2,0,0,2,0,2,81179,162803,156372
q8-16-32,multi,5,A,32,0,769,889996,400258,489736,0,769,889996,325777,3,2,0,0,2,0,2,79559,162825,157874
q8-16-32,multi,5,B,33,387,80406,1047235,400329,646518,0,80019,1046848,321845,3,2,0,0,2,0,2,81323,162766,156240
q8-16-32,multi,5,C,34,663,161821,1204012,400293,803055,0,161158,1203349,325820,3,2,0,0,2,0,2,81573,162817,155902
q8-16-32,mixed,1,short1,40,306217,307697,338040,30343,1479,0,1480,31823,1479,1,0,0,0,0,0,0,30343,0,0
q8-16-32,mixed,1,short2,41,714737,716856,747090,30234,2118,0,2119,32353,2118,1,0,0,0,0,0,0,30234,0,0
q8-16-32,mixed,1,io,39,964,161757,1226826,110467,229172,886221,160793,1225862,160793,101,0,0,100,0,0,0,110467,0,0
q8-16-32,mixed,1,long1,37,0,1271,2065506,1000316,1065188,0,1271,2065506,348946,57,4,52,0,2,0,2,78660,159230,762425
q8-16-32,mixed,1,long2,38,560,80083,2190831,1000306,1189963,0,79523,2190271,399552,48,4,43,0,2,0,2,81591,162003,756710
q8-16-32,mixed,2,short1,46,305227,306459,336733,30274,1231,0,1232,31506,1231,1,0,0,0,0,0,0,30274,0,0
q8-16-32,mixed,2,short2,47,713651,715799,746121,30321,2147,0,2148,32470,2147,1,0,0,0,0,0,0,30321,0,0
q8-16-32,mixed,2,io,45,612,162116,1223007,109402,229391,883601,161504,1222395,161503,101,0,0,100,0,0,0,109402,0,0
q8-16-32,mixed,2,long1,43,0,741,2071909,1000263,1071645,0,741,2071909,357059,57,4,52,0,2,0,2,79580,160223,760459
q8-16-32,mixed,2,long2,44,351,80401,2189572,1000302,1188918,0,80050,2189221,398850,48,4,43,0,2,0,2,81617,160875,757809
q8-16-32,mixed,3,short1,52,305330,306570,336842,30272,1240,0,1240,31512,1240,1,0,0,0,0,0,0,30272,0,0
q8-16-32,mixed,3,short2,53,713492,715615,745871,30256,2122,0,2123,32379,2122,1,0,0,0,0,0,0,30256,0,0
q8-16-32,mixed,3,io,51,640,161974,1224260,109978,228690,884950,161334,1223620,161334,101,0,0,100,0,0,0,109978,0,0
q8-16-32,mixed,3,long1,49,0,794,2062649,1000257,1062390,0,794,2062649,346972,57,4,52,0,2,0,2,79617,160051,760588
q8-16-32,mixed,3,long2,50,311,80492,2189181,1000304,1188565,0,80181,2188870,399872,48,4,43,0,2,0,2,81403,162005,756896
q8-16-32,mixed,4,short1,58,305337,306582,336822,30240,1244,0,1245,31485,1244,1,0,0,0,0,0,0,30240,0,0
q8-16-32,mixed,4,short2,59,712688,715054,745312,30258,2366,0,2366,32624,2366,1,0,0,0,0,0,0,30258,0,0
q8-16-32,mixed,4,io,57,621,162098,1221712,108502,227493,885094,161477,1221091,161477,101,0,0,100,0,0,0,108502,0,0
q8-16-32,mixed,4,long1,55,0,751,2069180,1000245,1068935,0,751,2069180,356385,57,4,52,0,2,0,2,79672,160067,760505
q8-16-32,mixed,4,long2,56,349,80502,2186694,1000289,1186055,0,80153,2186345,398304,48,4,43,0,2,0,2,81519,161685,757084
q8-16-32,mixed,5,short1,64,305073,306329,336602,30273,1255,0,1256,31529,1255,1,0,0,0,0,0,0,30273,0,0
q8-16-32,mixed,5,short2,65,712558,715165,745438,30272,2607,0,2607,32880,2607,1,0,0,0,0,0,0,30272,0,0
q8-16-32,mixed,5,io,63,622,161808,1225698,111016,227988,886071,161186,1225076,161186,101,0,0,100,0,0,0,111016,0,0
q8-16-32,mixed,5,long1,61,0,755,2072203,1000272,1071931,0,755,2072203,358686,57,4,52,0,2,0,2,79524,159920,760827
q8-16-32,mixed,5,long2,62,344,80358,2190975,1000288,1190342,0,80014,2190631,400873,48,4,43,0,2,0,2,81374,161632,757281
rr,single,1,cpu,5,0,131,506131,500473,5658,0,131,506131,2125,50,0,0,0,0,0,0,500473,0,0
rr,single,2,cpu,7,0,95,503752,500255,3496,0,95,503752,115,50,0,0,0,0,0,0,500255,0,0
rr,single,3,cpu,9,0,92,503728,500271,3456,0,92,503728,102,50,0,0,0,0,0,0,500271,0,0
rr,single,4,cpu,11,0,175,504797,500394,4402,0,175,504797,174,50,0,0,0,0,0,0,500394,0,0
rr,single,5,cpu,13,0,101,503733,500359,3372,0,101,503733,113,50,0,0,0,0,0,0,500359,0,0
rr,multi,1,A,16,0,1269,1200415,400368,800046,0,1269,1200415,20860,40,0,0,0,0,0,0,400368,0,0
rr,multi,1,B,17,571,8462,1203044,400322,802150,0,7891,1202473,24859,40,0,0,0,0,0,0,400322,0,0
rr,multi,1,C,18,1137,18645,1205937,400317,804482,0,17508,1204800,24837,40,0,0,0,0,0,0,400317,0,0
rr,multi,2,B,21,349,9251,1184786,400344,784093,0,8902,1184437,20660,39,0,0,0,0,0,0,400344,0,0
rr,multi,2,A,20,0,684,1192407,400224,792182,0,684,1192407,22204,40,0,0,0,0,0,0,400224,0,0
rr,multi,2,C,22,624,19435,1206885,400290,805970,0,18811,1206261,23347,42,0,0,0,0,0,0,400290,0,0
rr,multi,3,A,24,0,685,1202450,400266,802182,0,685,1202450,20612,40,0,0,0,0,0,0,400266,0,0
rr,multi,3,B,25,338,9255,1203749,400284,803127,0,8917,1203411,20618,40,0,0,0,0,0,0,400284,0,0
rr,multi,3,C,26,618,19497,1205119,400278,804222,0,18879,1204501,20672,40,0,0,0,0,0,0,400278,0,0
rr,multi,4,A,28,0,657,1201648,400267,801380,0,657,1201648,21014,40,0,0,0,0,0,0,400267,0,0
rr,multi,4,B,29,295,9223,1203549,400264,802989,0,8928,1203254,20627,40,0,0,0,0,0,0,400264,0,0
rr,multi,4,C,30,584,19400,1207025,400309,806131,0,18816,1206441,20628,41,0,0,0,0,0,0,400309,0,0
rr,multi,5,A,32,0,1220,1200332,400307,800025,0,1220,1200332,21274,40,0,0,0,0,0,0,400307,0,0
rr,multi,5,C,34,1065,18659,1205595,400320,804209,0,17594,1204530,21223,40,0,0,0,0,0,0,400320,0,0
rr,multi,5,B,33,557,8526,1207463,400285,806620,0,7969,1206906,20617,41,0,0,0,0,0,0,400285,0,0
rr,mixed,1,short1,40,309665,329561,424791,30483,84641,0,19896,115126,21710,4,0,0,0,0,0,0,30483,0,0
rr,mixed,1,short2,41,728784,748914,843722,30290,84648,0,20130,114938,21529,4,0,0,0,0,0,0,30290,0,0
rr,mixed,1,long2,38,332,9151,2063064,1000285,1062446,0,8819,2062732,20508,98,0,0,0,0,0,0,1000285,0,0
rr,mixed,1,io,39,611,19375,2088057,112055,1078688,896702,18764,2087446,20697,101,0,0,100,0,0,0,112055,0,0
rr,mixed,1,long1,37,0,698,2187023,1000377,1186645,0,698,2187023,20764,111,0,0,0,0,0,0,1000377,0,0
rr,mixed,2,short1,46,310047,330014,425403,30483,84873,0,19967,115356,21691,4,0,0,0,0,0,0,30483,0,0
rr,mixed,2,short2,47,729442,749579,844619,30352,84824,0,20137,115177,21684,4,0,0,0,0,0,0,30352,0,0
rr,mixed,2,long2,44,313,9184,2066124,1000326,1065484,0,8871,2065811,20543,98,0,0,0,0,0,0,1000326,0,0
rr,mixed,2,io,45,595,19371,2098857,112350,1089779,896131,18776,2098262,20622,101,0,0,100,0,0,0,112350,0,0
rr,mixed,2,long1,43,0,683,2189004,1000270,1188733,0,683,2189004,20556,110,0,0,0,0,0,0,1000270,0,0
rr,mixed,3,short1,52,307565,327625,422653,30374,84713,0,20060,115088,21622,4,0,0,0,0,0,0,30374,0,0
rr,mixed,3,short2,53,727076,747389,842370,30410,84883,0,20313,115294,21531,4,0,0,0,0,0,0,30410,0,0
rr,mixed,3,long2,50,533,9013,2065548,1000325,1064689,0,8480,2065015,20443,98,0,0,0,0,0,0,1000325,0,0
rr,mixed,3,io,51,815,19276,2089437,113408,1080180,895032,18461,2088622,20557,101,0,0,100,0,0,0,113408,0,0
rr,mixed,3,long1,49,0,905,2188807,1000245,1188562,0,905,2188807,20607,111,0,0,0,0,0,0,1000245,0,0
rr,mixed,4,short1,58,309641,329722,424685,30288,84754,0,20081,115044,21574,4,0,0,0,0,0,0,30288,0,0
rr,mixed,4,short2,59,728620,748775,843640,30321,84698,0,20155,115020,21534,4,0,0,0,0,0,0,30321,0,0
rr,mixed,4,long2,56,349,9120,2064552,1000353,1063849,0,8771,2064203,20465,98,0,0,0,0,0,0,1000353,0,0
rr,mixed,4,io,57,615,19357,2087411,111641,1078629,896525,18742,2086796,20529,101,0,0,100,0,0,0,111641,0,0
rr,mixed,4,long1,55,0,705,2185226,1000235,1184990,0,705,2185226,20552,111,0,0,0,0,0,0,1000235,0,0
rr,mixed,5,short1,64,309982,330118,425585,30463,85138,0,20136,115603,21748,4,0,0,0,0,0,0,30463,0,0
rr,mixed,5,short2,65,730817,750991,846210,30364,85029,0,20174,115393,21662,4,0,0,0,0,0,0,30364,0,0
rr,mixed,5,long2,62,432,9111,2065581,1000289,1064859,0,8679,2065149,20686,98,0,0,0,0,0,0,1000289,0,0
rr,mixed,5,io,63,738,19390,2091050,112588,1079794,897929,18652,2090312,20667,101,0,0,100,0,0,0,112588,0,0
rr,mixed,5,long1,61,0,854,2187621,1000261,1187359,0,854,2187621,20735,111,0,0,0,0,0,0,1000261,0,0
rr,aging,1,stream,69,285,9214,293414,100286,192842,0,8929,293129,20536,10,0,0,0,0,0,0,100286,0,0
rr,aging,1,stream,70,725,19404,322487,100320,221441,0,18679,321762,20580,11,0,0,0,0,0,0,100320,0,0
rr,aging,1,stream,71,296417,305425,580201,100358,183425,0,9008,283784,21015,10,0,0,0,0,0,0,100358,0,0
rr,aging,1,stream,72,323553,336150,639593,100337,215702,0,12597,316040,21231,11,0,0,0,0,0,0,100337,0,0
rr,aging,1,stream,73,583582,592725,866772,100345,182844,0,9143,283190,20545,10,0,0,0,0,0,0,100345,0,0
rr,aging,1,long,68,0,836,904576,300275,604300,0,836,904576,20752,32,0,0,0,0,0,0,300275,0,0
rr,aging,1,stream,74,640651,653998,936299,100302,195346,0,13347,295648,20505,11,0,0,0,0,0,0,100302,0,0
rr,aging,1,stream,75,869676,878750,1087261,100315,117269,0,9074,217585,15639,11,0,0,0,0,0,0,100315,0,0
rr,aging,1,stream,76,937354,937399,1146173,100291,108527,0,45,208819,10297,12,0,0,0,0,0,0,100291,0,0
rr,aging,1,stream,77,1088336,1092648,1287374,100349,98688,0,4312,199038,10263,11,0,0,0,0,0,0,100349,0,0
rr,aging,1,stream,78,1154977,1155018,1349768,100282,94508,0,41,194791,10367,11,0,0,0,0,0,0,100282,0,0
rr,aging,1,stream,79,1288481,1296634,1491177,100338,102358,0,8153,202696,10285,11,0,0,0,0,0,0,100338,0,0
rr,aging,1,stream,80,1358882,1358925,1553790,100333,94575,0,43,194908,10388,11,0,0,0,0,0,0,100333,0,0
rr,aging,1,stream,81,1492253,1500739,1684904,100319,92332,0,8486,192651,10329,10,0,0,0,0,0,0,100319,0,0
rr,aging,1,stream,82,1563376,1563447,1768184,100285,104522,0,71,204808,11286,11,0,0,0,0,0,0,100285,0,0
rr,aging,1,stream,83,1686107,1695272,1878816,100376,92332,0,9165,192709,10308,10,0,0,0,0,0,0,100376,0,0
rr,aging,1,stream,84,1778608,1778655,1972188,100560,93019,0,47,193580,10395,11,0,0,0,0,0,0,100560,0,0
rr,aging,1,stream,85,1890365,1900476,2083042,100321,92354,0,10111,192677,10367,10,0,0,0,0,0,0,100321,0,0
rr,aging,1,stream,86,1983320,1983363,2134756,100328,51108,0,43,151436,10317,11,0,0,0,0,0,0,100328,0,0
rr,aging,2,stream,89,638,8179,292181,100289,191254,0,7541,291543,20505,10,0,0,0,0,0,0,100289,0,0
rr,aging,2,stream,90,1244,18376,322584,100342,220998,0,17132,321340,21720,11,0,0,0,0,0,0,100342,0,0
rr,aging,2,stream,91,295097,304077,579310,100330,183883,0,8980,284213,21779,10,0,0,0,0,0,0,100330,0,0
rr,aging,2,stream,92,323771,335938,637467,100319,213375,0,12167,313696,20497,11,0,0,0,0,0,0,100319,0,0
rr,aging,2,stream,93,583475,592417,866451,100335,182640,0,8942,282976,20524,10,0,0,0,0,0,0,100335,0,0
rr,aging,2,long,88,0,1344,905449,300247,605201,0,1344,905449,21842,32,0,0,0,0,0,0,300247,0,0
rr,aging,2,stream,94,638582,653826,937390,100633,198175,0,15244,298808,20561,11,0,0,0,0,0,0,100633,0,0
rr,aging,2,stream,95,869385,878502,1089503,100313,119804,0,9117,220118,16629,11,0,0,0,0,0,0,100313,0,0
rr,aging,2,stream,96,938508,938556,1148241,100277,109455,0,48,209733,10430,12,0,0,0,0,0,0,100277,0,0
rr,aging,2,stream,97,1090620,1094915,1279411,100386,88404,0,4295,188791,10420,10,0,0,0,0,0,0,100386,0,0
rr,aging,2,stream,98,1157469,1157511,1352185,100348,94368,0,42,194716,10903,11,0,0,0,0,0,0,100348,0,0
rr,aging,2,stream,99,1290860,1300768,1483887,100553,92473,0,9908,193027,10335,10,0,0,0,0,0,0,100553,0,0
rr,aging,2,stream,100,1363387,1363433,1557976,100297,94291,0,46,194589,10858,11,0,0,0,0,0,0,100297,0,0
rr,aging,2,stream,101,1496623,1506295,1689044,100389,92031,0,9672,192421,10340,10,0,0,0,0,0,0,100389,0,0
rr,aging,2,stream,102,1568958,1569005,1771872,100316,102597,0,47,202914,10384,11,0,0,0,0,0,0,100316,0,0
rr,aging,2,stream,103,1690164,1690667,1892742,100341,102236,0,503,202578,10314,11,0,0,0,0,0,0,100341,0,0
rr,aging,2,stream,104,1773771,1773815,1975558,100301,101484,0,44,201787,10365,11,0,0,0,0,0,0,100301,0,0
rr,aging,2,stream,105,1893841,1895296,2096855,100344,102669,0,1455,203014,10399,11,0,0,0,0,0,0,100344,0,0
rr,aging,2,stream,106,1978384,1978427,2138175,100292,59498,0,43,159791,10420,11,0,0,0,0,0,0,100292,0,0
rr,aging,3,stream,109,286,9323,294070,100330,193453,0,9037,293784,20599,10,0,0,0,0,0,0,100330,0,0
rr,aging,3,stream,110,548,19546,322884,100354,221981,0,18998,322336,20690,11,0,0,0,0,0,0,100354,0,0
rr,aging,3,stream,111,297391,306407,580542,100290,182859,0,9016,283151,20515,10,0,0,0,0,0,0,100290,0,0
rr,aging,3,stream,112,323948,337141,640205,100312,215943,0,13193,316257,20492,11,0,0,0,0,0,0,100312,0,0
rr,aging,3,stream,113,583429,592502,866932,100382,183120,0,9073,283503,20511,10,0,0,0,0,0,0,100382,0,0
rr,aging,3,long,108,0,626,904650,300261,604388,0,626,904650,20763,32,0,0,0,0,0,0,300261,0,0
rr,aging,3,stream,114,641330,653870,936537,100325,194882,0,12540,295207,20518,11,0,0,0,0,0,0,100325,0,0
rr,aging,3,stream,115,869850,878954,1087929,100354,117723,0,9104,218079,15500,11,0,0,0,0,0,0,100354,0,0
rr,aging,3,stream,116,937614,937656,1147846,100311,109920,0,42,210232,11776,12,0,0,0,0,0,0,100311,0,0
rr,aging,3,stream,117,1088998,1094328,1278014,100297,88718,0,5330,189016,10316,10,0,0,0,0,0,0,100297,0,0
rr,aging,3,stream,118,1157995,1158041,1360533,100268,102269,0,46,202538,10333,11,0,0,0,0,0,0,100268,0,0
rr,aging,3,stream,119,1279115,1279595,1481657,100343,102198,0,480,202542,10302,11,0,0,0,0,0,0,100343,0,0
rr,aging,3,stream,120,1362411,1362455,1564472,100277,101783,0,44,202061,10311,11,0,0,0,0,0,0,100277,0,0
rr,aging,3,stream,121,1482800,1483628,1685953,100507,102645,0,828,203153,10380,11,0,0,0,0,0,0,100507,0,0
rr,aging,3,stream,122,1567156,1567203,1770479,100301,103020,0,47,203323,10523,11,0,0,0,0,0,0,100301,0,0
rr,aging,3,stream,123,1688450,1689160,1891275,100354,102470,0,710,202825,10333,11,0,0,0,0,0,0,100354,0,0
rr,aging,3,stream,124,1772386,1772429,1974082,100299,101397,0,43,201696,10492,11,0,0,0,0,0,0,100299,0,0
rr,aging,3,stream,125,1892430,1894224,2094941,100348,102162,0,1794,202511,10273,11,0,0,0,0,0,0,100348,0,0
rr,aging,3,stream,126,1977066,1977109,2136914,100346,59500,0,43,159848,10331,11,0,0,0,0,0,0,100346,0,0
rr,aging,4,stream,129,311,9222,293557,100323,192923,0,8911,293246,20504,10,0,0,0,0,0,0,100323,0,0
rr,aging,4,stream,130,575,19422,322409,100323,221510,0,18847,321834,20502,11,0,0,0,0,0,0,100323,0,0
rr,aging,4,stream,131,296477,305455,579753,100334,182941,0,8978,283276,20579,10,0,0,0,0,0,0,100334,0,0
rr,aging,4,stream,132,323520,336100,639172,100299,215353,0,12580,315652,20913,11,0,0,0,0,0,0,100299,0,0
rr,aging,4,stream,133,583243,592339,866321,100319,182758,0,9096,283078,20523,10,0,0,0,0,0,0,100319,0,0
rr,aging,4,long,128,0,650,904314,300391,603922,0,650,904314,20988,32,0,0,0,0,0,0,300391,0,0
rr,aging,4,stream,134,640288,653553,936043,100320,195434,0,13265,295755,20476,11,0,0,0,0,0,0,100320,0,0
rr,aging,4,stream,135,868886,877953,1087228,100345,117997,0,9067,218342,16185,11,0,0,0,0,0,0,100345,0,0
rr,aging,4,stream,136,937131,937172,1146658,100355,109171,0,41,209527,10376,12,0,0,0,0,0,0,100355,0,0
rr,aging,4,stream,137,1088322,1092124,1287892,100314,99255,0,3802,199570,10248,11,0,0,0,0,0,0,100314,0,0
rr,aging,4,stream,138,1154366,1154411,1350176,100281,95529,0,45,195810,10369,11,0,0,0,0,0,0,100281,0,0
rr,aging,4,stream,139,1288972,1296124,1491707,100494,102241,0,7152,202735,10243,11,0,0,0,0,0,0,100494,0,0
rr,aging,4,stream,140,1358379,1358423,1555086,100351,96355,0,44,196707,10372,11,0,0,0,0,0,0,100351,0,0
rr,aging,4,stream,141,1493648,1500474,1696500,100365,102486,0,6826,202852,10373,11,0,0,0,0,0,0,100365,0,0
rr,aging,4,stream,142,1563315,1563362,1758920,100297,95308,0,47,195605,10400,11,0,0,0,0,0,0,100297,0,0
rr,aging,4,stream,143,1697592,1705332,1899928,100291,102044,0,7740,202336,10403,11,0,0,0,0,0,0,100291,0,0
rr,aging,4,stream,144,1768454,1768508,1964945,100322,96168,0,54,196491,10314,11,0,0,0,0,0,0,100322,0,0
rr,aging,4,stream,145,1903136,1909754,2105919,100326,102456,0,6618,202783,10201,11,0,0,0,0,0,0,100326,0,0
rr,aging,4,stream,146,1972076,1972121,2137612,100267,65268,0,45,165536,10428,11,0,0,0,0,0,0,100267,0,0
rr,aging,5,stream,149,293,9247,293478,100781,192403,0,8954,293185,20451,10,0,0,0,0,0,0,100781,0,0
rr,aging,5,stream,150,549,19493,322782,100396,221835,0,18944,322233,20573,11,0,0,0,0,0,0,100396,0,0
rr,aging,5,stream,151,295916,304793,578693,100317,182458,0,8877,282777,20511,10,0,0,0,0,0,0,100317,0,0
rr,aging,5,stream,152,323862,335265,638312,100322,214127,0,11403,314450,20608,11,0,0,0,0,0,0,100322,0,0
rr,aging,5,stream,153,581585,590512,864275,100345,182344,0,8927,282690,20501,10,0,0,0,0,0,0,100345,0,0
rr,aging,5,long,148,0,704,905024,300239,604784,0,704,905024,20644,32,0,0,0,0,0,0,300239,0,0
rr,aging,5,stream,154,639387,651683,934106,100285,194433,0,12296,294719,20503,11,0,0,0,0,0,0,100285,0,0
rr,aging,5,stream,155,867002,876120,1087838,100324,120511,0,9118,220836,18702,11,0,0,0,0,0,0,100324,0,0
rr,aging,5,stream,156,935159,935200,1147199,100257,111782,0,41,212040,10365,12,0,0,0,0,0,0,100257,0,0
rr,aging,5,stream,157,1088937,1090107,1288339,100320,99082,0,1170,199402,10252,11,0,0,0,0,0,0,100320,0,0
rr,aging,5,stream,158,1152496,1152538,1350796,100342,97957,0,42,198300,10303,11,0,0,0,0,0,0,100342,0,0
rr,aging,5,stream,159,1289462,1294245,1492094,100324,102307,0,4783,202632,10263,11,0,0,0,0,0,0,100324,0,0
rr,aging,5,stream,160,1357137,1357181,1554467,100253,97075,0,44,197330,10311,11,0,0,0,0,0,0,100253,0,0
rr,aging,5,stream,161,1493217,1498883,1695649,100336,102096,0,5666,202432,10229,11,0,0,0,0,0,0,100336,0,0
rr,aging,5,stream,162,1561234,1561277,1758011,100244,96532,0,43,196777,10320,11,0,0,0,0,0,0,100244,0,0
rr,aging,5,stream,163,1696767,1702927,1899333,100297,102268,0,6160,202566,10282,11,0,0,0,0,0,0,100297,0,0
rr,aging,5,stream,164,1765338,1765380,1961512,100271,95902,0,42,196174,10356,11,0,0,0,0,0,0,100271,0,0
rr,aging,5,stream,165,1900425,1907228,2102872,100261,102185,0,6803,202447,10255,11,0,0,0,0,0,0,100261,0,0
rr,aging,5,stream,166,1969556,1969621,2134223,100250,64416,0,65,164667,10385,11,0,0,0,0,0,0,100250,0,0
